[{"id":"user-image-2ndblkpic.jpg","publicUrl":"np://user.desktop.nicepage.com/Site_76639484/images/2ndblkpic.jpg","size":325236,"hash":"U8FqypcEuhRtVBeZTEkoHzIEHjg=","fileName":"2ndblkpic.jpg","name":"2ndblkpic","width":945,"height":707,"thumbnail":{"url":"np://user.desktop.nicepage.com/Site_76639484/images/thumbnails/2ndblkpic.jpg","width":250,"height":187},"folderId":null,"usages":["990107675"]},{"id":"user-image-9710260.png","publicUrl":"np://user.desktop.nicepage.com/Site_76639484/images/9710260.png","size":5881,"hash":"hhDwQnjzUlG1+DR1O2NWw9/ok3k=","fileName":"9710260.png","name":"9710260","width":128,"height":128,"thumbnail":{"url":"np://user.desktop.nicepage.com/Site_76639484/images/thumbnails/9710260.png","width":128,"height":128,"length":5881,"type":"png"},"folderId":null,"usages":["990107675"]},{"id":"user-image-3767233.png","publicUrl":"np://user.desktop.nicepage.com/Site_76639484/images/3767233.png","size":8175,"hash":"gSei25FHH4MRdEyS08txmRIbBRo=","fileName":"3767233.png","name":"3767233","width":128,"height":128,"thumbnail":{"url":"np://user.desktop.nicepage.com/Site_76639484/images/thumbnails/3767233.png","width":128,"height":128,"length":8175,"type":"png"},"folderId":null,"usages":["990107675"]},{"id":"user-image-65f0dfca6a223f49909c90ae17a05643d7680e57915b7422b7451ab4cabd30ed44e33515c63b29a2530d6db6609d94e0ad88f750582ad5429d4284_1280.jpg","publicUrl":"np://user.desktop.nicepage.com/Site_76639484/images/65f0dfca6a223f49909c90ae17a05643d7680e57915b7422b7451ab4cabd30ed44e33515c63b29a2530d6db6609d94e0ad88f750582ad5429d4284_1280.jpg","size":143262,"hash":"gB5hhcu8zHf32gDncPzTaFurIeI=","fileName":"65f0dfca6a223f49909c90ae17a05643d7680e57915b7422b7451ab4cabd30ed44e33515c63b29a2530d6db6609d94e0ad88f750582ad5429d4284_1280.jpg","name":"65f0dfca6a223f49909c90ae17a05643d7680e57915b7422b7451ab4cabd30ed44e33515c63b29a2530d6db6609d94e0ad88f750582ad5429d4284_1280","width":1280,"height":848,"thumbnail":{"url":"np://user.desktop.nicepage.com/Site_76639484/images/thumbnails/65f0dfca6a223f49909c90ae17a05643d7680e57915b7422b7451ab4cabd30ed44e33515c63b29a2530d6db6609d94e0ad88f750582ad5429d4284_1280.jpg","width":250,"height":166},"folderId":null,"usages":["990107675"]},{"id":"user-image-IMG-20250501-WA0013.jpg","publicUrl":"np://user.desktop.nicepage.com/Site_76639484/images/IMG-20250501-WA0013.jpg","size":726812,"hash":"6Z9UIdSXsdHQdF0gjTjbVAx97pY=","fileName":"IMG-20250501-WA0013.jpg","name":"IMG-20250501-WA0013","width":2048,"height":1536,"thumbnail":{"url":"np://user.desktop.nicepage.com/Site_76639484/images/thumbnails/IMG-20250501-WA0013.jpg","width":250,"height":188},"folderId":null,"usages":["990107675"]},{"id":"user-image-IMG-20250501-WA0014.jpg","publicUrl":"np://user.desktop.nicepage.com/Site_76639484/images/IMG-20250501-WA0014.jpg","size":836066,"hash":"LPb80O02Im9HJfY9EH5Jes7Ym4w=","fileName":"IMG-20250501-WA0014.jpg","name":"IMG-20250501-WA0014","width":2048,"height":1536,"thumbnail":{"url":"np://user.desktop.nicepage.com/Site_76639484/images/thumbnails/IMG-20250501-WA0014.jpg","width":250,"height":188},"folderId":null,"usages":["990107675"]},{"id":"user-image-IMG-20250510-WA0008.jpg","publicUrl":"np://user.desktop.nicepage.com/Site_76639484/images/IMG-20250510-WA0008.jpg","size":388882,"hash":"3ly1RIlBcTz9D9itgry9i8RpRD4=","fileName":"IMG-20250510-WA0008.jpg","name":"IMG-20250510-WA0008","width":1600,"height":1200,"thumbnail":{"url":"np://user.desktop.nicepage.com/Site_76639484/images/thumbnails/IMG-20250510-WA0008.jpg","width":250,"height":188},"folderId":null,"usages":["990107675"]},{"id":"user-image-IMG-20250501-WA0019.jpg","publicUrl":"np://user.desktop.nicepage.com/Site_76639484/images/IMG-20250501-WA0019.jpg","size":729338,"hash":"sf/blgTrSM3PlE1VWGqML2XIb+o=","fileName":"IMG-20250501-WA0019.jpg","name":"IMG-20250501-WA0019","width":1152,"height":2048,"thumbnail":{"url":"np://user.desktop.nicepage.com/Site_76639484/images/thumbnails/IMG-20250501-WA0019.jpg","width":141,"height":250},"folderId":null,"usages":["990107675"]},{"id":"user-image-IMG-20250501-WA0017.jpg","publicUrl":"np://user.desktop.nicepage.com/Site_76639484/images/IMG-20250501-WA0017.jpg","size":645540,"hash":"31s3U2kXZjpThX/Vf0N53R5qbxU=","fileName":"IMG-20250501-WA0017.jpg","name":"IMG-20250501-WA0017","width":2048,"height":1152,"thumbnail":{"url":"np://user.desktop.nicepage.com/Site_76639484/images/thumbnails/IMG-20250501-WA0017.jpg","width":250,"height":141},"folderId":null,"usages":["990107675"]},{"id":"user-image-IMG-20250510-WA0004.jpg","publicUrl":"np://user.desktop.nicepage.com/Site_76639484/images/IMG-20250510-WA0004.jpg","size":612027,"hash":"z6lVYCUHkkw2TQ9f4PxGIQFZxCY=","fileName":"IMG-20250510-WA0004.jpg","name":"IMG-20250510-WA0004","width":2048,"height":1152,"thumbnail":{"url":"np://user.desktop.nicepage.com/Site_76639484/images/thumbnails/IMG-20250510-WA0004.jpg","width":250,"height":141},"folderId":null,"usages":["990107675"]},{"id":"user-image-IMG-20250510-WA0006.jpg","publicUrl":"np://user.desktop.nicepage.com/Site_76639484/images/IMG-20250510-WA0006.jpg","size":741825,"hash":"6cVqSC4Ss2C12xkFY976gHnQvHo=","fileName":"IMG-20250510-WA0006.jpg","name":"IMG-20250510-WA0006","width":1536,"height":2048,"thumbnail":{"url":"np://user.desktop.nicepage.com/Site_76639484/images/thumbnails/IMG-20250510-WA0006.jpg","width":188,"height":250},"folderId":null,"usages":["990107675"]},{"id":"user-image-IMG-20250501-WA0016.jpg","publicUrl":"np://user.desktop.nicepage.com/Site_76639484/images/IMG-20250501-WA0016.jpg","size":547534,"hash":"ydVOUm7cmlV8gG6E6XqZUhT0QsA=","fileName":"IMG-20250501-WA0016.jpg","name":"IMG-20250501-WA0016","width":2048,"height":1152,"thumbnail":{"url":"np://user.desktop.nicepage.com/Site_76639484/images/thumbnails/IMG-20250501-WA0016.jpg","width":250,"height":141},"folderId":null,"usages":["990107675"]},{"id":"user-image-IMG-20250501-WA0011.jpg","publicUrl":"np://user.desktop.nicepage.com/Site_76639484/images/IMG-20250501-WA0011.jpg","size":576325,"hash":"CIsytfBE3YjsANGubuKrAxYTk/I=","fileName":"IMG-20250501-WA0011.jpg","name":"IMG-20250501-WA0011","width":1600,"height":1200,"thumbnail":{"url":"np://user.desktop.nicepage.com/Site_76639484/images/thumbnails/IMG-20250501-WA0011.jpg","width":250,"height":188},"folderId":null,"usages":["990107675"]},{"id":"user-image-IMG-20250501-WA0012.jpg","publicUrl":"np://user.desktop.nicepage.com/Site_76639484/images/IMG-20250501-WA0012.jpg","size":395296,"hash":"nyZyFqMVnlzSWL67OO8HRqhbAgo=","fileName":"IMG-20250501-WA0012.jpg","name":"IMG-20250501-WA0012","width":1600,"height":1200,"thumbnail":{"url":"np://user.desktop.nicepage.com/Site_76639484/images/thumbnails/IMG-20250501-WA0012.jpg","width":250,"height":188},"folderId":null,"usages":["990107675"]},{"id":"user-image-IMG-20250510-WA0005.jpg","publicUrl":"np://user.desktop.nicepage.com/Site_76639484/images/IMG-20250510-WA0005.jpg","size":534649,"hash":"OU9Bhwdz6cDQw0xcQuUKgBIWLMU=","fileName":"IMG-20250510-WA0005.jpg","name":"IMG-20250510-WA0005","width":1600,"height":1200,"thumbnail":{"url":"np://user.desktop.nicepage.com/Site_76639484/images/thumbnails/IMG-20250510-WA0005.jpg","width":250,"height":188},"folderId":null,"usages":["990107675"]},{"id":"user-image-IMG-20250501-WA0020.jpg","publicUrl":"np://user.desktop.nicepage.com/Site_76639484/images/IMG-20250501-WA0020.jpg","size":369271,"hash":"l5dt8JLZUHkpFJWbGHADrCtMqSE=","fileName":"IMG-20250501-WA0020.jpg","name":"IMG-20250501-WA0020","width":1600,"height":1200,"thumbnail":{"url":"np://user.desktop.nicepage.com/Site_76639484/images/thumbnails/IMG-20250501-WA0020.jpg","width":250,"height":188},"folderId":null,"usages":["990107675"]},{"id":"user-image-Screenshot_2025-05-10_055034-removebg-preview.png","publicUrl":"np://user.desktop.nicepage.com/Site_76639484/images/Screenshot_2025-05-10_055034-removebg-preview.png","size":153899,"hash":"qTGPwJGMpl4euoLufNUTAX95zBU=","fileName":"Screenshot_2025-05-10_055034-removebg-preview.png","name":"Screenshot_2025-05-10_055034-removebg-preview","width":819,"height":304,"thumbnail":{"url":"np://user.desktop.nicepage.com/Site_76639484/images/thumbnails/Screenshot_2025-05-10_055034-removebg-preview.png","width":250,"height":93},"folderId":null,"usages":[]},{"id":"user-image-2f7c1e5c913dc098a30c2009d72c1dd21a19f28bb18c05498073ceaea688f259944c9908cc46b6dd3827beeb0f0d04affcc229d9e29091d229fea1_1280.jpg","publicUrl":"np://user.desktop.nicepage.com/Site_76639484/images/2f7c1e5c913dc098a30c2009d72c1dd21a19f28bb18c05498073ceaea688f259944c9908cc46b6dd3827beeb0f0d04affcc229d9e29091d229fea1_1280.jpg","size":513113,"hash":"Hy5ok9jHYIvXV4T44Vc6mnVfELA=","fileName":"2f7c1e5c913dc098a30c2009d72c1dd21a19f28bb18c05498073ceaea688f259944c9908cc46b6dd3827beeb0f0d04affcc229d9e29091d229fea1_1280.jpg","name":"2f7c1e5c913dc098a30c2009d72c1dd21a19f28bb18c05498073ceaea688f259944c9908cc46b6dd3827beeb0f0d04affcc229d9e29091d229fea1_1280","width":1280,"height":854,"thumbnail":{"url":"np://user.desktop.nicepage.com/Site_76639484/images/thumbnails/2f7c1e5c913dc098a30c2009d72c1dd21a19f28bb18c05498073ceaea688f259944c9908cc46b6dd3827beeb0f0d04affcc229d9e29091d229fea1_1280.jpg","width":250,"height":167},"folderId":null,"usages":["990107675"]}]